,text,labels
823,**** белый,Характеристики продукта
75,Да,Общеразговорные
893,А Другие модели ?,Характеристики продукта
705,"***** , может рамку эту ?",Другое
587,Сейчас оплачу,Оплата
3,Нет такие не нравятся,Общеразговорные
546,Хорошо ! А можно оплатить при получении ?,Оплата
834,Размер **,Характеристики продукта
124,Как это можно сделать ?,Общеразговорные
292,Отлично ! Я готова подождать !,Доставка
10,Спасибо,Общеразговорные
214,Я хочу второй халат заменить на тунику,Доставка
729,"***** , может рамку эту ?",Другое
666,Из дисков ?,Другое
848,рост *** обх . груди *** обх . бедер ***,Характеристики продукта
91,"ок , давайте сделаю",Общеразговорные
323,"Да , адрес то же .. Спасибо",Доставка
790,Блуза так же **** и брюки **** ? Все правильно ?,Характеристики продукта
408,"У меня показывает , что не находит такой карты (",Оплата
39,Увидела в другом паблике ),Общеразговорные
969,Давайте блузу и ярко голубые брюки,Характеристики продукта
396,ОгОго ) что то быстро ) ) обычно на сбербанк в течение ** дней доходит,Оплата
346,"Индекс ****** * мкр . , д . ** . , вы . ** г . Белоярский Тюменская обл **** - **** .",Доставка
677,Из дисков ?,Другое
900,Из плотной ткани ),Характеристики продукта
516,"У меня показывает , что не находит такой карты (",Оплата
279,Г . *********** ул . Советская д . ** кв . ** ****** тел . ********** *,Доставка
501,"Я заказала через Инстаграм , изменить вид оплаты можно ? И индекс там не вводила",Оплата
775,"Добрый день , не очень понятно , продолжаем мы сотрудничество или нет .",Другое
441,"У меня показывает , что не находит такой карты (",Оплата
198,А сколько по времени доставка будет ?,Доставка
591,"Добрый день , не очень понятно , продолжаем мы сотрудничество или нет .",Другое
623,"Добрый день , не очень понятно , продолжаем мы сотрудничество или нет .",Другое
172,"Мне знаешь ещё что неприятно бывает , мы как-то были у них и Деля фломастеры взяла и вся выпачкалась , так Катюха с таким пренебрежением на неё , типа мы свиньи",Общеразговорные
66,"Спасибо ! Я вам завтра напишу , сейчас на работе не очень удобно ..",Общеразговорные
312,Здравствуйте ! Меня заинтересовал этот товар . Цена эта ? сколько доставка ?,Доставка
609,"Добрый день , не очень понятно , продолжаем мы сотрудничество или нет .",Другое
723,"***** , может рамку эту ?",Другое
115,Да,Общеразговорные
600,"***** , может рамку эту ?",Другое
414,ОгОго ) что то быстро ) ) обычно на сбербанк в течение ** дней доходит,Оплата
392,"И если есть возможность , отправьте мне его сегодня .",Доставка
818,Не могу определиться с моделью . Может подскажите какая сидит лучше на невысоких девушках вот эта или первая ?,Характеристики продукта
69,Ок,Общеразговорные
379,Телефон ********** *,Доставка
757,Из дисков ?,Другое
977,На рост *** можете сшить ?,Характеристики продукта
391,А как заказать ? ) ),Доставка
797,И какая длина платья ?,Характеристики продукта
590,общая сумма с доставкой ?,Оплата
395,"Я заказала через Инстаграм , изменить вид оплаты можно ? И индекс там не вводила",Оплата
311,Пришлите потом трек номер для отслеживания,Доставка
464,"Я заказала через Инстаграм , изменить вид оплаты можно ? И индекс там не вводила",Оплата
125,Спасибо,Общеразговорные
956,"*** , можно Вам сделать заказ ?",Характеристики продукта
179,"Мне мама купила похожий , извините",Общеразговорные
626,"***** , может рамку эту ?",Другое
832,И есть на попе тоже фотографии,Характеристики продукта
572,карту сбербанка,Оплата
418,ОгОго ) что то быстро ) ) обычно на сбербанк в течение ** дней доходит,Оплата
798,А вместе с белым костюмом отправите ?,Характеристики продукта
452,"У меня показывает , что не находит такой карты (",Оплата
604,"***** , может рамку эту ?",Другое
555,Можно выслать бланк на оплату на электронную почту : ********************,Оплата
762,Из дисков ?,Другое
129,"Хорошо , спасибо )",Общеразговорные
334,Адрес другой : ******* ** . кв ** ... Все остальное также,Доставка
556,На карту сбербанка,Оплата
327,Улица просвещения дом ** кВ ** индекс ******,Доставка
381,Я хочу отказ сделать,Доставка
951,"*** , здравствуйте ! Хочу вот такую блузку )",Характеристики продукта
242,А сколько по времени доставка будет ?,Доставка
106,"Ок , жду тогда",Общеразговорные
734,Из дисков ?,Другое
786,Только смс,Другое
34,Спасибо,Общеразговорные
229,Тюменская область ХМАО г ************* ул Мира ************ **,Доставка
321,Фото предыдущего заказа ) ) ),Доставка
789,"Брюки белые , из плотной ткани , размер **",Характеристики продукта
890,Ага ясно . А ткань сатори ?,Характеристики продукта
578,"*** , здравствуйте ! Получила посылку , но забрать не могу , потому что нет бланка на оплату , что делать ?",Оплата
595,"Добрый день , не очень понятно , продолжаем мы сотрудничество или нет .",Другое
776,"Добрый день , не очень понятно , продолжаем мы сотрудничество или нет .",Другое
256,Тюменская область ХМАО г ************* ул Мира ************ **,Доставка
410,"Я заказала через Инстаграм , изменить вид оплаты можно ? И индекс там не вводила",Оплата
459,ОгОго ) что то быстро ) ) обычно на сбербанк в течение ** дней доходит,Оплата
831,можно сшить брюки такого же цвета и к ним вот такую блузу ?,Характеристики продукта
218,Я хочу второй халат заменить на тунику,Доставка
636,"Добрый день , не очень понятно , продолжаем мы сотрудничество или нет .",Другое
820,"А можно брюки , а к еим рубашку с доплатой ?",Характеристики продукта
674,"Добрый день , не очень понятно , продолжаем мы сотрудничество или нет .",Другое
580,"*** , добрый день ! Посылка пришла , но с наложенным платежом . Я деньги Вам переводила",Оплата
542,Оплачу по карте,Оплата
714,"Добрый день , не очень понятно , продолжаем мы сотрудничество или нет .",Другое
523,"оплачу при получении , ********** *",Оплата
147,А у меня ****,Общеразговорные
857,"Здравствуйте , вот такой халатик хочу заказать , возможно ?",Характеристики продукта
908,"размер ** , легкая ткань , с брюками",Характеристики продукта
359,Когда отправили ? ?,Доставка
204,Я хочу второй халат заменить на тунику,Доставка
412,"У меня показывает , что не находит такой карты (",Оплата
224,А сколько по времени доставка будет ?,Доставка
425,"У меня показывает , что не находит такой карты (",Оплата
906,"Здравствуйте ! Меня заинтересовал этот товар . ** размер , рост *** , **** черный , сатори",Характеристики продукта
892,"У меня бюст - ** , талия - ** , попа - ** . , рост *** ... Вы как думаете , ** размер по фигуре будет или надо ** ?",Характеристики продукта
503,"Я заказала через Инстаграм , изменить вид оплаты можно ? И индекс там не вводила",Оплата
118,Спасибо !,Общеразговорные
340,Получила,Доставка
618,"***** , может рамку эту ?",Другое
511,"У меня показывает , что не находит такой карты (",Оплата
564,ок . а как с оплатой ? наложным ?,Оплата
650,Из дисков ?,Другое
253,А сколько по времени доставка будет ?,Доставка
984,А сможете фото тканей скинуть ?,Характеристики продукта
531,"Добрый день ! *** , а вы деньги ещё не переводили ?",Оплата
289,"Здравствуйте , мой заказ отправили ?",Доставка
293,Или вы в праздничные дни не занимаетесь приемом заявок ? я вам писала ещё ** декабря .,Доставка
111,Неожиданно,Общеразговорные
47,Спасибо ! ! !,Общеразговорные
212,Тюменская область ХМАО г ************* ул Мира ************ **,Доставка
369,Выбираю доставку почтой ) сколько по времени идёт ? ),Доставка
819,Только вот я бы лавандовый **** хотела ? !,Характеристики продукта
84,"**** , добрый день . Проверьте , пожалуйста , сообщения сообщества , люди уже мне в личные сообщения пишут .",Общеразговорные
434,"У меня показывает , что не находит такой карты (",Оплата
424,ОгОго ) что то быстро ) ) обычно на сбербанк в течение ** дней доходит,Оплата
60,Да нет пока,Общеразговорные
188,спасибо,Общеразговорные
517,"У меня показывает , что не находит такой карты (",Оплата
634,"Добрый день , не очень понятно , продолжаем мы сотрудничество или нет .",Другое
322,"Он уже в **** на почте , я только в четверг вернусь из отпуска и получу его .",Доставка
939,Не слишком обтягивать будет ?,Характеристики продукта
957,"г . ******** , ул Ново-Ямская ***** , индекс ****** , ********** ****** *********** , ********** *",Характеристики продукта
193,"Хорошо , спасибо )",Общеразговорные
58,неа,Общеразговорные
146,Буду ждать,Общеразговорные
450,ОгОго ) что то быстро ) ) обычно на сбербанк в течение ** дней доходит,Оплата
764,"Добрый день , не очень понятно , продолжаем мы сотрудничество или нет .",Другое
444,"Я заказала через Инстаграм , изменить вид оплаты можно ? И индекс там не вводила",Оплата
112,Здравствуйте,Общеразговорные
273,"Размер ** , Адрес ****** , Московская область , город ****** ул ******** д ** кв ** *********** **** ************* . Идеально если отправите наложенным платежом .",Доставка
741,"Добрый день , не очень понятно , продолжаем мы сотрудничество или нет .",Другое
477,"Я заказала через Инстаграм , изменить вид оплаты можно ? И индекс там не вводила",Оплата
240,А сколько по времени доставка будет ?,Доставка
389,Почтой,Доставка
817,Только в красном *****,Характеристики продукта
527,"на какую сумму , я могу поменять ?",Оплата
759,"***** , может рамку эту ?",Другое
390,"****** ************ город ***** , улица Магнитагорская дом ** , ********* ******* ************",Доставка
1,Спасибо,Общеразговорные
442,ОгОго ) что то быстро ) ) обычно на сбербанк в течение ** дней доходит,Оплата
182,Спасибо,Общеразговорные
159,Вот такого типа,Общеразговорные
290,"с размером вроде определилась , если вдруг по факту не подойдет размер , возможна ли замена ?",Доставка
339,"Хочу заказать . ****** , самарская область , сергиевский район , поселок городского типа Суходол , ул . Победы ** , кв . ** . ******** **** ********** . Тел . ********** * . Платье м165 ********",Доставка
33,Спасибо и вас тоже ) ) ),Общеразговорные
603,"Добрый день , не очень понятно , продолжаем мы сотрудничество или нет .",Другое
665,"Добрый день , не очень понятно , продолжаем мы сотрудничество или нет .",Другое
278,****** Ямало-Ненецкий ** г . ********** ул ****** дом *** кВ **,Доставка
782,и люди что-то жалуются что им никто не пишет,Другое
868,** размер заказываю,Характеристики продукта
917,слоники ( штаны темно ***** ) + белая ( лекая ),Характеристики продукта
784,"**** , здравствуйте ! Что-то снова люди жалуются , что нет дальнейшей обратной связи .",Другое
103,Кофе некому делать ?,Общеразговорные
371,"****** , ********* , ул . Урицкого , д . ** , кв . ***",Доставка
638,"***** , может рамку эту ?",Другое
183,"привет , много неотвеченных заявок висит",Общеразговорные
847,"Добрый день , а можно отдельно хирургичку ? без штанов ?",Характеристики продукта
791,"**** , добрый день ! Если из тонкой ткани , она просвечивает ?",Характеристики продукта
422,"Я заказала через Инстаграм , изменить вид оплаты можно ? И индекс там не вводила",Оплата
326,Примерно сколько ждать ?,Доставка
468,ОгОго ) что то быстро ) ) обычно на сбербанк в течение ** дней доходит,Оплата
935,"Можно сделать заказ ? : платье М *** красное , размер ** цена **** ; халат М *** Цена **** белого цвета , размер ** . Оплата на почте . Адрес : **** , г . ********* , ул . Советская д . ** кв * . Науиовой Е . * .",Характеристики продукта
258,А сколько по времени доставка будет ?,Доставка
694,"***** , может рамку эту ?",Другое
440,"У меня показывает , что не находит такой карты (",Оплата
460,"Я заказала через Инстаграм , изменить вид оплаты можно ? И индекс там не вводила",Оплата
711,"***** , может рамку эту ?",Другое
663,Из дисков ?,Другое
233,Я хочу второй халат заменить на тунику,Доставка
90,Да,Общеразговорные
401,"Я заказала через Инстаграм , изменить вид оплаты можно ? И индекс там не вводила",Оплата
491,"У меня показывает , что не находит такой карты (",Оплата
403,ОгОго ) что то быстро ) ) обычно на сбербанк в течение ** дней доходит,Оплата
78,Хочу его ) ),Общеразговорные
746,Из дисков ?,Другое
972,"и цена , только блузы ? р ** .",Характеристики продукта
506,"У меня показывает , что не находит такой карты (",Оплата
305,"****** , Республика **** , г . ***** , ул . ************ , д . **** . * Запорожцев ********** ************* тел . ********** * . Оплата на карту . Я же оплачиваю только рубашку ? Правильно ?",Доставка
576,"Здравствуйте , **** ! А не планируется ли каких-нибудь акций в честь нового года ?",Оплата
113,Привет . Может не заметили ) почему то неотвеченный висит ),Общеразговорные
740,"Добрый день , не очень понятно , продолжаем мы сотрудничество или нет .",Другое
669,"***** , может рамку эту ?",Другое
73,Ок,Общеразговорные
494,ОгОго ) что то быстро ) ) обычно на сбербанк в течение ** дней доходит,Оплата
607,Из дисков ?,Другое
248,Я хочу второй халат заменить на тунику,Доставка
220,Тюменская область ХМАО г ************* ул Мира ************ **,Доставка
36,Здравствуйте ) ) ) вот это тогда,Общеразговорные
68,Привет . Случайно открыли сообщение,Общеразговорные
375,"*** , добрый вечер , вы мне трек кините , как отправите ... ?",Доставка
18,"Хорошо , можно чуть позже",Общеразговорные
226,А сколько по времени доставка будет ?,Доставка
23,"Мне нужен ** , а какие есть ?",Общеразговорные
277,"* . г . ***** , ****** ** , квартира ** , почтовый индекс ****** * . Лысёнок ******** ********** * . ********** * Если выберу доставку курьером , то время доставки согласовывается ?",Доставка
17,Нельзя так ? просто **** нравится,Общеразговорные
794,А что ниб порче ?,Характеристики продукта
648,"***** , может рамку эту ?",Другое
601,Из дисков ?,Другое
19,Добрый вечер ) случайно открыли,Общеразговорные
922,Здравствуйте ! Как можно у Вас сделать заказ на мед . одежду и как долго будет идти ?,Характеристики продукта
88,Спасибо,Общеразговорные
649,Из дисков ?,Другое
382,"Напишите , пожалуйста , когда отправите .",Доставка
165,"Спасибо , буду ждать ! )",Общеразговорные
156,Да,Общеразговорные
671,"***** , может рамку эту ?",Другое
886,Брюки которые меня интересую сильно тянутся ( ткань написана стретч ),Характеристики продукта
911,М *** темно-синий ***,Характеристики продукта
806,"Мужской , кот в шляпе , ** размер",Характеристики продукта
37,"**** , здравствуйте )",Общеразговорные
530,"Пришлите номер Карты , пожалуйста",Оплата
140,"Спасибо , буду иметь ввиду",Общеразговорные
633,"Добрый день , не очень понятно , продолжаем мы сотрудничество или нет .",Другое
960,И ещё пришлите пожалуйста фото какого-нибудь оригинального халата с длинным рукавом ?,Характеристики продукта
421,"Я заказала через Инстаграм , изменить вид оплаты можно ? И индекс там не вводила",Оплата
374,ХМАО-ЮГРА,Доставка
871,Высоковата талия если есть такой же но рост другой хотела бы заказать,Характеристики продукта
504,"У меня показывает , что не находит такой карты (",Оплата
236,Я хочу второй халат заменить на тунику,Доставка
320,"Если , вдруг , размер не подошёл , возможен обмен ?",Доставка
222,Я хочу второй халат заменить на тунику,Доставка
754,Из дисков ?,Другое
361,"*** , получила заказ . Блуза сс ярлыков ********* соответствует *** то с натяжкой",Доставка
811,"Здравствуйте , а ткань плотнее *** у вас есть ?",Характеристики продукта
92,Сейчас адрес скину,Общеразговорные
889,Брюки же заужены ? ),Характеристики продукта
117,Хорошо ),Общеразговорные
785,"ну мы же тоже заинтересованы чтоб люди писали , иначе какой смысл ) )",Другое
676,Из дисков ?,Другое
123,"****** , напишу",Общеразговорные
927,Можно эти ? синие,Характеристики продукта
978,А есть чёрный мужской халат ?,Характеристики продукта
368,так и сегодня отправляйте я получу на почте,Доставка
668,"Добрый день , не очень понятно , продолжаем мы сотрудничество или нет .",Другое
783,"**** , у вас все нормально ? Мне уже пишут с претензиями",Другое
44,Номер телефона ********** *,Общеразговорные
760,"***** , может рамку эту ?",Другое
245,Тюменская область ХМАО г ************* ул Мира ************ **,Доставка
563,А стоимость какая ?,Оплата
658,"***** , может рамку эту ?",Другое
139,"*** , привет",Общеразговорные
533,Это возможно и сколько стоит ?,Оплата
750,"***** , может рамку эту ?",Другое
792,"*** , есть в наличии ?",Характеристики продукта
25,Вам спасибо,Общеразговорные
86,Да,Общеразговорные
959,размер М,Характеристики продукта
149,Спасибо ),Общеразговорные
135,Спасибо,Общеразговорные
858,Здравствуйте **** . Хотел заказать мед . одежду,Характеристики продукта
423,"Я заказала через Инстаграм , изменить вид оплаты можно ? И индекс там не вводила",Оплата
426,"У меня показывает , что не находит такой карты (",Оплата
947,"https://vk.com/photo-45062169_412539201 https://vk.com/photo-45062169_456240230 Здравствуйте , хочу приобрести костюм и блузу , я так понимаю **** и ткань одна и та же ? )",Характеристики продукта
657,Из дисков ?,Другое
558,Добрый день . ** размер костюма . как оплатить,Оплата
155,"Товары перемешиваются специльно иногда , после этого обычно начинают писать больше ) ) )",Общеразговорные
11,Спасибо,Общеразговорные
267,Я хочу второй халат заменить на тунику,Доставка
570,Оплата при получении,Оплата
743,"Добрый день , не очень понятно , продолжаем мы сотрудничество или нет .",Другое
345,Давайте на Плуталова *,Доставка
964,"да , из плотной и нужен ) )",Характеристики продукта
809,"Ну , я в общем определилась .. возьму бабочек и вторую все же , тоже цветную ... с зубами . https://m.vk.com/photo1173281_456246653?list=mail35202 обе эти на ** р",Характеристики продукта
203,Тюменская область ХМАО г ************* ул Мира ************ **,Доставка
700,"***** , может рамку эту ?",Другое
407,ОгОго ) что то быстро ) ) обычно на сбербанк в течение ** дней доходит,Оплата
158,"Спасибо , *****",Общеразговорные
901,Здравствуйте ! Меня заинтересовал данный товар .,Характеристики продукта
65,Да,Общеразговорные
451,"У меня показывает , что не находит такой карты (",Оплата
399,"Я заказала через Инстаграм , изменить вид оплаты можно ? И индекс там не вводила",Оплата
136,**** сидела молчала,Общеразговорные
87,Здравствуйте ещё раз,Общеразговорные
903,Есть такой ** размер ?,Характеристики продукта
513,"Я заказала через Инстаграм , изменить вид оплаты можно ? И индекс там не вводила",Оплата
276,Отправите ?,Доставка
303,"*** , здравствуйте ! Скажите , пожалуйста , мой заказ ещё не готов ?",Доставка
980,"*** , а можно такой халатик в другом ***** сшить ?",Характеристики продукта
377,Спасибо большое . Блузка пришла . Размер самое то,Доставка
456,ОгОго ) что то быстро ) ) обычно на сбербанк в течение ** дней доходит,Оплата
661,"***** , может рамку эту ?",Другое
367,"Здравствуйте ! Меня заинтересовал этот товар . Я получила свой заказ , но не подошел по размеру , что делать ?",Доставка
967,А рост учитывается ?,Характеристики продукта
445,ОгОго ) что то быстро ) ) обычно на сбербанк в течение ** дней доходит,Оплата
745,"***** , может рамку эту ?",Другое
507,"У меня показывает , что не находит такой карты (",Оплата
624,Из дисков ?,Другое
704,"Добрый день , не очень понятно , продолжаем мы сотрудничество или нет .",Другое
522,Номер карты тот же ?,Оплата
582,Сбербанк ?,Оплата
787,Вам писала моя дочь и не дождалась ответа ... СПАСИБО,Другое
929,"Добрый день салатовый зелёный , данные позже напишу , на работе",Характеристики продукта
801,Да **** черный ? Или другой На компьютере не четко Спасибо за ответ,Характеристики продукта
962,Здравствуйте ! Меня заинтересовал этот товар . размер **,Характеристики продукта
869,Вы как думаете белому костюму подойдет ? Как будет смотреться ?,Характеристики продукта
131,Возможно . Спасибо вам .,Общеразговорные
874,Размер **,Характеристики продукта
830,"ОБХВАТ ГРУДИ *** , БЕДЕР ***",Характеристики продукта
5,Нет такие не нравятся,Общеразговорные
589,Оплачу сразу !,Оплата
923,А на фото какие брюки ? первые ? **** ? Хочу как на фото,Характеристики продукта
575,"Здравствуйте , **** ! Давайте ещё раз сменим номер карты , вот новый **** **** *********",Оплата
319,"Добрый вечер , мы отсутствовали в городе , посылку получить не смогли , нельзя ли её повторно отправит",Доставка
364,Жду ☺,Доставка
944,"Очень хочу чтоб сел хорошо , по фигурке",Характеристики продукта
185,Писала Юлечка,Общеразговорные
309,Спасибо за выполнение заказа,Доставка
500,"У меня показывает , что не находит такой карты (",Оплата
945,Тогда красный ) ),Характеристики продукта
800,А есть ещё мужские блузы с ******** в наличии ?,Характеристики продукта
356,"Здравствуйте ! Сегодня в подъезде нашла бумажку-извещение на получение посылки .. Адрес мой , но фамилия ********* стоимостью **** . Наверное это мне , только не знаю ... отдадут ли . Я ведь *********",Доставка
247,Я хочу второй халат заменить на тунику,Доставка
652,Из дисков ?,Другое
881,"Здравствуйте **** . Можно ли заказать следующие модели : Блуза модель ** легкая ткань цена **** руб ( ***** размер ) , Блуза мод *** Плотная ткань цена **** руб ( ***** размер ) , Блуза м ********* руб ( ***** размер ) , брюки м *** ткань легкая **** руб . Спасибо .",Характеристики продукта
355,"Дело в том что **************** я буду с ***** . по ***** На работе с **** по ***** . если у них есть курьер по ****** , то можем обменять . сколько это будет стоить ( с работы не уйти к сожалению )",Доставка
483,"У меня показывает , что не находит такой карты (",Оплата
160,И к этому костюму такой же вопрос,Общеразговорные
708,"***** , может рамку эту ?",Другое
768,"***** , может рамку эту ?",Другое
283,"****** , вологодская область , череповецкий район , п . Тоншалово , ул . молодежная д . ** , кв ** . ********* Надежда ********** .",Доставка
712,Из дисков ?,Другое
475,"У меня показывает , что не находит такой карты (",Оплата
252,А сколько по времени доставка будет ?,Доставка
116,И заявки по одежде есть,Общеразговорные
852,"Интересует именно розовый либо серый , ещё не определись",Характеристики продукта
171,Спасибо,Общеразговорные
514,"Я заказала через Инстаграм , изменить вид оплаты можно ? И индекс там не вводила",Оплата
20,"Да , сегодня",Общеразговорные
213,Тюменская область ХМАО г ************* ул Мира ************ **,Доставка
357,то есть доставка в любом случае **** + доставка в зависимости от вида - курьерская или почтой ?,Доставка
126,"Да , всё без изменений .",Общеразговорные
181,Обычно ** . Иногда **,Общеразговорные
250,А сколько по времени доставка будет ?,Доставка
438,ОгОго ) что то быстро ) ) обычно на сбербанк в течение ** дней доходит,Оплата
294,"Размер ** , ****** индекс , Республика ************ , г . ******* , ул . Академика ********* ****** . ******** Лиана ******** ********** *",Доставка
615,"***** , может рамку эту ?",Другое
225,А сколько по времени доставка будет ?,Доставка
176,Здравствуйте,Общеразговорные
838,А брюки ** есть в наличии ?,Характеристики продукта
774,"***** , может рамку эту ?",Другое
526,"Хорошо , примерка на пункте выдачи и потом я могу перевести деньги вам на карту , я правильно поняла ?",Оплата
184,Возможно ?,Общеразговорные
431,ОгОго ) что то быстро ) ) обычно на сбербанк в течение ** дней доходит,Оплата
178,Спасибо за понимание и подсказки . С наступающим праздником ! ! !,Общеразговорные
701,"***** , может рамку эту ?",Другое
814,"Но у меня размер одежды xxs ... все же да , лучше взять с запасом . Давайте ** .",Характеристики продукта
949,"*** добрый вечер , а можно заказать только блузу такого такого цвета ?",Характеристики продукта
510,"Я заказала через Инстаграм , изменить вид оплаты можно ? И индекс там не вводила",Оплата
698,"***** , может рамку эту ?",Другое
862,"*** , я хочу заказать халатик . М170 , размер ** или ** . Как мне это сделать ?",Характеристики продукта
632,Из дисков ?,Другое
270,"**** Здравствуйте , посылку получила , возврат отправила . Всё хорошо , блузой очень довольна . Спасибо Вам огромное !",Доставка
329,"Доискался с праздниками вас со всеми ! Пришла посылка ещё не мерила , если будет как раз хочу ещё таких халатов",Доставка
96,"Замечательно , ух , сколько много стало !",Общеразговорные
833,И такие брючки на ** размер,Характеристики продукта
812,Легкая сильно просвечивает ?,Характеристики продукта
766,Из дисков ?,Другое
802,О давайте один зелёный один ягодный,Характеристики продукта
845,"И вот такой халатик , только другого цвета . Темно - синего . Есть ?",Характеристики продукта
170,Хорошо .,Общеразговорные
15,Нет такие не нравятся,Общеразговорные
643,"Добрый день , не очень понятно , продолжаем мы сотрудничество или нет .",Другое
56,Нужно,Общеразговорные
553,Пришли деньги ? ),Оплата
101,Ну да,Общеразговорные
46,Ну ? ;(,Общеразговорные
478,ОгОго ) что то быстро ) ) обычно на сбербанк в течение ** дней доходит,Оплата
394,ОгОго ) что то быстро ) ) обычно на сбербанк в течение ** дней доходит,Оплата
751,"***** , может рамку эту ?",Другое
645,Из дисков ?,Другое
207,Я хочу второй халат заменить на тунику,Доставка
938,Здравствуйте ! Меня заинтересовал данный товар .,Характеристики продукта
108,а как ?,Общеразговорные
393,Точно придёт,Доставка
953,Добрый вечер . Хочу заказать вот это платье . https://vk.com/albums-45062169?z=photo-45062169_456241109%2Fphotos-45062169 Как подобрать размер ?,Характеристики продукта
897,Ясно а такого цвета нет ?,Характеристики продукта
324,город ****** . а стоимость такой доставки какая ?,Доставка
192,Чайник ставить ?,Общеразговорные
550,Как оплата и доставка ? К новому году скидок нет ?,Оплата
351,**** **** **** **** ***** ******* П Только я на почту смогу во вторник зайти . Завтра и в понедельник дежурю,Доставка
752,Из дисков ?,Другое
417,ОгОго ) что то быстро ) ) обычно на сбербанк в течение ** дней доходит,Оплата
545,"Добрый вечер , **** ! На карту , которую я высылал ранее , не нужно ничего переводить . Новый номер **** **** **** ****",Оплата
855,Может темно синий есть ?,Характеристики продукта
836,Добрый день ! Размер **,Характеристики продукта
205,Тюменская область ХМАО г ************* ул Мира ************ **,Доставка
313,Качура ******* **********,Доставка
932,Здравствуйте ! Меня заинтересовал данный товар .,Характеристики продукта
74,Хорошо .,Общеразговорные
201,Я хочу второй халат заменить на тунику,Доставка
539,А ткань Сатори стоит *** рублей ?,Оплата
466,"Я заказала через Инстаграм , изменить вид оплаты можно ? И индекс там не вводила",Оплата
354,"А Вы откуда отправляете ? Мне нужно примерно прикинуть **** лучше отправить .. Я в отпуск уезжаю . Работаю в **** , а в отпуск в *****",Доставка
353,"хочется быстрей , а все на работе",Доставка
780,Из дисков ?,Другое
931,"*** , добрый вечер , хотела бы сделать вам новый заказ : брюки ******** белая туника ******** и розовая ** . действительны ли эти цены ? Спасибо за ваш ответ .",Характеристики продукта
646,"Добрый день , не очень понятно , продолжаем мы сотрудничество или нет .",Другое
429,"Я заказала через Инстаграм , изменить вид оплаты можно ? И индекс там не вводила",Оплата
306,До Московской области долго идти будет ?,Доставка
95,Хорошо . Померю себя . Спасибо,Общеразговорные
373,"Здравствуйте ещё раз , когда халат придёт можно узнать ?",Доставка
365,Г . ******** ул . ************ д12 . *********** ******* **** ******* *********,Доставка
747,Из дисков ?,Другое
562,Оплачу на почте,Оплата
882,"Доброе утро , можно мне ещё халатик заказать !",Характеристики продукта
8,Нет такие не нравятся,Общеразговорные
249,А сколько по времени доставка будет ?,Доставка
772,Из дисков ?,Другое
209,Я хочу второй халат заменить на тунику,Доставка
302,****** Забайкальский край шилкинский район г ***** ул ******** д ** ********* ****** ********* ********** *,Доставка
280,Здравствуйте . Мой костюм ещё не готов ?,Доставка
85,Ну типа как так можно и Сане нашу грязную одежду показывала,Общеразговорные
332,"Здравствуйте , можно узнать когда придёт халат ?",Доставка
781,"***** , может рамку эту ?",Другое
461,"У меня показывает , что не находит такой карты (",Оплата
215,Тюменская область ХМАО г ************* ул Мира ************ **,Доставка
919,"Она плотная ведь , ткань ?",Характеристики продукта
608,"Добрый день , не очень понятно , продолжаем мы сотрудничество или нет .",Другое
282,Как долго ждать ?,Доставка
692,"***** , может рамку эту ?",Другое
826,Можно тогда брюки белые из плотной ткани *** и халатик темно синий *** . Сколько это получтся ? \,Характеристики продукта
579,"Здравствуйте , цены не изменились ? ) Напишите мне карту ?",Оплата
318,Как оплата и доставка ?,Доставка
26,Добрый день,Общеразговорные
693,"***** , может рамку эту ?",Другое
594,"***** , может рамку эту ?",Другое
696,"Добрый день , не очень понятно , продолжаем мы сотрудничество или нет .",Другое
877,Можно сделать все черное с малиновым ****** . А чем отличаются ткани,Характеристики продукта
724,"***** , может рамку эту ?",Другое
173,Нет,Общеразговорные
821,"Добрый вечер . Скажите , пожалуйста , есть ли в наличии блуза голубая или темно-сиреневая ** размера м *** . И брюки хлопок ****** м *** тоже ** размера ? Живу в самарской области , в селе-сколько будет стоить доставка ? Оплата по получении ? Возможен ли возврат ?",Характеристики продукта
42,Хорошо ),Общеразговорные
314,Буду ждать посылочку,Доставка
505,ОгОго ) что то быстро ) ) обычно на сбербанк в течение ** дней доходит,Оплата
915,Из этого материала какой можно костюм сшить ? Фасон,Характеристики продукта
217,А сколько по времени доставка будет ?,Доставка
943,Добрый день ! Можно условия заказа ? И вид сзади,Характеристики продукта
659,Из дисков ?,Другое
331,Здравствуйте ! Меня заинтересовал данный товар . Доставка по ****** есть ?,Доставка
145,Какой можно ?,Общеразговорные
720,Из дисков ?,Другое
835,* см же большой роли не сыграют ?,Характеристики продукта
557,Нужны ваши реквизиты,Оплата
662,"***** , может рамку эту ?",Другое
40,"Извините , хорошо что увидела",Общеразговорные
695,"***** , может рамку эту ?",Другое
718,"Добрый день , не очень понятно , продолжаем мы сотрудничество или нет .",Другое
272,Телефон ********** да .,Доставка
628,"Добрый день , не очень понятно , продолжаем мы сотрудничество или нет .",Другое
255,Тюменская область ХМАО г ************* ул Мира ************ **,Доставка
264,Тюменская область ХМАО г ************* ул Мира ************ **,Доставка
231,Я хочу второй халат заменить на тунику,Доставка
551,Реквизиты отправьте или телефон,Оплата
664,"***** , может рамку эту ?",Другое
362,****** новгородская область великий ******** деревня Лешино дом *,Доставка
174,Хорошо,Общеразговорные
0,********** Любовь,Общеразговорные
525,"*** , а постоянным клиентам скидки не делаете ? "" и ещё хотела спросить , где можно приобрести туфли как у ваших моделей со снимков ?",Оплата
447,ОгОго ) что то быстро ) ) обычно на сбербанк в течение ** дней доходит,Оплата
778,"Добрый день , не очень понятно , продолжаем мы сотрудничество или нет .",Другое
29,Ну да,Общеразговорные
807,"*** , добрый день ? Подскажите пожалуйста , такие халатики есть в наличии ? Каких цветов ?",Характеристики продукта
883,"хорошо , а как поменять на ** ? с размерной сеткой сверялась . Остальная одежда по этим меркам подходит .. узко в рукаве ( в пройме ) и груди ( вытачки ) . Если у вас есть представительство в Санкт ********** , может там поменять ?",Характеристики продукта
448,ОгОго ) что то быстро ) ) обычно на сбербанк в течение ** дней доходит,Оплата
152,спасибо,Общеразговорные
194,добрый вечер ) случайно открыли,Общеразговорные
825,Здравствуйте ! Меня заинтересовал данный товар .,Характеристики продукта
509,"Я заказала через Инстаграм , изменить вид оплаты можно ? И индекс там не вводила",Оплата
841,Здравствуйте ! Меня заинтересовал этот товар . Где узнать размерный ряд ?,Характеристики продукта
467,ОгОго ) что то быстро ) ) обычно на сбербанк в течение ** дней доходит,Оплата
148,Хорошо ),Общеразговорные
940,"Здравствуйте , сколько будет стоить костюм с рисунками ( космос , кошки ) ?",Характеристики продукта
717,"***** , может рамку эту ?",Другое
560,Давайте тогда ее . Сколько будет стоить ?,Оплата
829,Здравствуйте можно ли модель халата *** заказать в другом ***** ? И на какой минимальный рост ?,Характеристики продукта
243,Я хочу второй халат заменить на тунику,Доставка
342,"****** г . ****** ул Мелекесская дом ** . ********* ******* ********** ********** * . Оплата на почте , при получении . Скажите , а платье идет размер в размер ?",Доставка
872,Вот этот костюм .,Характеристики продукта
488,"Я заказала через Инстаграм , изменить вид оплаты можно ? И индекс там не вводила",Оплата
879,Можно оформить заказ ? ),Характеристики продукта
710,"***** , может рамку эту ?",Другое
246,Тюменская область ХМАО г ************* ул Мира ************ **,Доставка
561,давайте я оплачу вам на карту,Оплата
703,Из дисков ?,Другое
583,"Добрый вечер . Не проходит платеж на сбербанк из ***** . Отправте , пожалуйста , наложенным платежом на почту .",Оплата
982,Можно заказать ?,Характеристики продукта
904,А вот такие модели есть в наличии ? ),Характеристики продукта
223,Тюменская область ХМАО г ************* ул Мира ************ **,Доставка
756,"***** , может рамку эту ?",Другое
349,Ок . нашла ... только * ноября отправили ? ? ? Так конечно нет ещё ... я ещё жду с середины октября ...,Доставка
16,Спасибо,Общеразговорные
875,И что с ростовкой пошьют на *** ?,Характеристики продукта
61,Вам спасибо .,Общеразговорные
119,Спасибо Вам ! ! !,Общеразговорные
177,Спасибо !,Общеразговорные
894,И вот такие тапочки ** размер https://vk.com/photo-45062169_361634409,Характеристики продукта
843,Можно сделать у вас заказ ),Характеристики продукта
688,"***** , может рамку эту ?",Другое
930,Полностью на резинке ),Характеристики продукта
613,"Добрый день , не очень понятно , продолжаем мы сотрудничество или нет .",Другое
844,Как размер определить ?,Характеристики продукта
333,Ни чего себе ... и такое бывает ? Как получу сразу отпишусь ... спасибо .,Доставка
521,Оплата при получении на почте,Оплата
667,"***** , может рамку эту ?",Другое
559,"скажите еще , у вас карта виза / мастер или мир ?",Оплата
43,Поговори мне еще,Общеразговорные
810,Без брюк,Характеристики продукта
616,"***** , может рамку эту ?",Другое
639,"***** , может рамку эту ?",Другое
89,Я думаю подойдёт ),Общеразговорные
622,"***** , может рамку эту ?",Другое
400,ОгОго ) что то быстро ) ) обычно на сбербанк в течение ** дней доходит,Оплата
28,Хорошо,Общеразговорные
599,"Добрый день , не очень понятно , продолжаем мы сотрудничество или нет .",Другое
629,"***** , может рамку эту ?",Другое
973,Сейчас посмотрю размерную сетку,Характеристики продукта
860,"Здравствуйте , *** . Скажите , есть ли в наличии платье м165 красное ** размера ?",Характеристики продукта
630,"Добрый день , не очень понятно , продолжаем мы сотрудничество или нет .",Другое
753,Из дисков ?,Другое
914,Летний халат-сарафан без воротника,Характеристики продукта
237,Тюменская область ХМАО г ************* ул Мира ************ **,Доставка
439,"У меня показывает , что не находит такой карты (",Оплата
536,что по поводу оплаты ?,Оплата
363,"г . ****** , улица Саянская , дом * , к . * , кв . *** . Индекс ****** . Телефон : + ********** * Мне легче сделать перевод на карту Сбербанк .",Доставка
725,"Добрый день , не очень понятно , продолжаем мы сотрудничество или нет .",Другое
485,"Я заказала через Инстаграм , изменить вид оплаты можно ? И индекс там не вводила",Оплата
443,"У меня показывает , что не находит такой карты (",Оплата
961,**** темно синий,Характеристики продукта
21,Ты читаешь и игноришь,Общеразговорные
301,Здравствуйте ) как можно заказать костюм ? Город *************,Доставка
737,"***** , может рамку эту ?",Другое
598,"***** , может рамку эту ?",Другое
742,Из дисков ?,Другое
625,Из дисков ?,Другое
211,Я хочу второй халат заменить на тунику,Доставка
99,С наступающим Новым годом ! ! !,Общеразговорные
541,Перевела,Оплата
330,Индекс исправить можно ? На ******,Доставка
565,"Хорошо , распечатаю от сюда ! Спасибо !",Оплата
38,"*** , привет . там вопрос в комментариях",Общеразговорные
519,ОгОго ) что то быстро ) ) обычно на сбербанк в течение ** дней доходит,Оплата
489,ОгОго ) что то быстро ) ) обычно на сбербанк в течение ** дней доходит,Оплата
954,Жду костюм,Характеристики продукта
469,"У меня показывает , что не находит такой карты (",Оплата
863,Можете сказать фирму блузы ?,Характеристики продукта
611,Из дисков ?,Другое
765,"Добрый день , не очень понятно , продолжаем мы сотрудничество или нет .",Другое
528,Там победители розыгрыша будут в Сообщения сообщества отписываться,Оплата
493,"Я заказала через Инстаграм , изменить вид оплаты можно ? И индекс там не вводила",Оплата
713,"***** , может рамку эту ?",Другое
976,** размер есть ?,Характеристики продукта
348,Возможно прислать обратно и получить всё же красное ** размера ?,Доставка
924,Плотные,Характеристики продукта
755,Из дисков ?,Другое
317,"Добрый день ! **** , вы приняли мой заказ ?",Доставка
548,Только что перевела,Оплата
7,Нет такие не нравятся,Общеразговорные
535,Оплачивать можно сейчас ?,Оплата
544,С ******* на сбербанк деньги доходят в течение ** дней,Оплата
263,Тюменская область ХМАО г ************* ул Мира ************ **,Доставка
813,Чисто белый,Характеристики продукта
529,"напишете перед отправкой , оплачу по карте",Оплата
707,Из дисков ?,Другое
274,"Спасибо большое ! ! Все получила , все подошло !",Доставка
681,"Добрый день , не очень понятно , продолжаем мы сотрудничество или нет .",Другое
921,Вот эти лосины,Характеристики продукта
2,********** Любовь,Общеразговорные
837,Тогда можно мне голубой такой халатик размер ** и такой красный размер ** ( все из плотной ткани ) .,Характеристики продукта
432,"У меня показывает , что не находит такой карты (",Оплата
593,"***** , может рамку эту ?",Другое
920,"Здравствуйте ! Меня заинтересовал этот товар . можно ли увидеть размерную сетку , чтобы определиться с размером ?",Характеристики продукта
261,Тюменская область ХМАО г ************* ул Мира ************ **,Доставка
952,А что на счёт ростовки,Характеристики продукта
850,Лучше ** размер,Характеристики продукта
620,Из дисков ?,Другое
749,"Добрый день , не очень понятно , продолжаем мы сотрудничество или нет .",Другое
94,"Пусть поймёт , что тебе теперь никайф",Общеразговорные
913,Как можно заказать у вас халат ?,Характеристики продукта
955,"Зеленый тогда , если можно",Характеристики продукта
803,Нет тонкую хочу,Характеристики продукта
476,ОгОго ) что то быстро ) ) обычно на сбербанк в течение ** дней доходит,Оплата
161,"Да , спасибо",Общеразговорные
933,Голубое заказываем,Характеристики продукта
822,"почему **** фуксия , был же лиловый ? ? ?",Характеристики продукта
328,"все получила , замечательно и размер и рост очень ! ! !",Доставка
82,я в данное время в ***,Общеразговорные
344,"**** , остановите заказ",Доставка
244,Тюменская область ХМАО г ************* ул Мира ************ **,Доставка
767,Из дисков ?,Другое
455,"Я заказала через Инстаграм , изменить вид оплаты можно ? И индекс там не вводила",Оплата
683,Из дисков ?,Другое
682,"***** , может рамку эту ?",Другое
744,"Добрый день , не очень понятно , продолжаем мы сотрудничество или нет .",Другое
490,"Я заказала через Инстаграм , изменить вид оплаты можно ? И индекс там не вводила",Оплата
299,Спасибо Буду забирать в среду Я в командировке,Доставка
605,"Добрый день , не очень понятно , продолжаем мы сотрудничество или нет .",Другое
543,Оплата при получении,Оплата
520,сколько будет стоить ?,Оплата
690,"***** , может рамку эту ?",Другое
4,Нет такие не нравятся,Общеразговорные
656,"Добрый день , не очень понятно , продолжаем мы сотрудничество или нет .",Другое
971,"А на ваш взгляд , акая лучше в уходе ( не мнется , сохраняет вид и не обесцвечивается при стирке ?",Характеристики продукта
471,"Я заказала через Инстаграм , изменить вид оплаты можно ? И индекс там не вводила",Оплата
482,ОгОго ) что то быстро ) ) обычно на сбербанк в течение ** дней доходит,Оплата
463,"У меня показывает , что не находит такой карты (",Оплата
144,Да дороги плохие зимой !,Общеразговорные
352,"Спасибо , завтра получу",Доставка
325,"*** , добрый вечер ... я уехала , на две ****** ... по приезду заберу ... ( в понедельник )",Доставка
30,"и можно , еще один вопрос до этого были посылки в кз ?",Общеразговорные
873,Здравствуйте ! Меня заинтересовал этот товар . Имеется ** размер ?,Характеристики продукта
287,"Московская область , г . ******** , мкр . ******* , ул . Адмирала ******** ***** . ************ ******* ********* ********* ******** .",Доставка
304,****** *************** ул . Коллонтай *** кВ ** ******* ***** ********** ********** *,Доставка
187,Спасибо,Общеразговорные
975,Вот с бабочками шикарная ... цена ?,Характеристики продукта
970,** на заказ,Характеристики продукта
554,Перевела,Оплата
796,И я не нашла размерную сетку в группе . Грудь *** см талия ** см бедра *** . Это какой размер будет ? ** ?,Характеристики продукта
77,Да,Общеразговорные
260,Тюменская область ХМАО г ************* ул Мира ************ **,Доставка
70,это нашими *****,Общеразговорные
726,Из дисков ?,Другое
350,И какая стоимость доставки будет в мой район,Доставка
586,Ну напиши в розыгрыше ),Оплата
6,********** Любовь,Общеразговорные
684,"***** , может рамку эту ?",Другое
642,"***** , может рамку эту ?",Другое
479,ОгОго ) что то быстро ) ) обычно на сбербанк в течение ** дней доходит,Оплата
196,Хорошо тогда в каких ******,Общеразговорные
454,ОгОго ) что то быстро ) ) обычно на сбербанк в течение ** дней доходит,Оплата
308,Село ****,Доставка
748,"Добрый день , не очень понятно , продолжаем мы сотрудничество или нет .",Другое
733,"***** , может рамку эту ?",Другое
895,"А когда появится с широкой юбкой темно - синее , его закажем",Характеристики продукта
197,А сколько по времени доставка будет ?,Доставка
770,"Добрый день , не очень понятно , продолжаем мы сотрудничество или нет .",Другое
169,В зал хожу попа растёт,Общеразговорные
449,"Я заказала через Инстаграм , изменить вид оплаты можно ? И индекс там не вводила",Оплата
641,Из дисков ?,Другое
719,Из дисков ?,Другое
397,"У меня показывает , что не находит такой карты (",Оплата
259,Тюменская область ХМАО г ************* ул Мира ************ **,Доставка
202,Тюменская область ХМАО г ************* ул Мира ************ **,Доставка
199,А сколько по времени доставка будет ?,Доставка
154,"Приветствую ! Что-то пишут нам , что не отвечает людям никто",Общеразговорные
24,Хорошо хорошо не тороплю только не забудьте про меня !,Общеразговорные
928,Можно заказать такой халат ***** размера ? г . ***,Характеристики продукта
291,"**** , добрый вечер ! А Вы уже сделали заявку на пошив ? Можно один заказ изменить ?",Доставка
284,"****** Республика **** , Ижемский район , село **** , улица Больничный городок дом ** квартира * . ********** ******* **********",Доставка
51,"Да , ОК .",Общеразговорные
518,"Я заказала через Инстаграм , изменить вид оплаты можно ? И индекс там не вводила",Оплата
298,"доброго времени суток , сегодня смска с трэк номером не приходила , или это ничего страшного ?",Доставка
376,"Здравствуйте , **** . Мой заказ **** пришёл . Но там белое платье",Доставка
268,А сколько по времени доставка будет ?,Доставка
163,Аа хорошо,Общеразговорные
640,"Добрый день , не очень понятно , продолжаем мы сотрудничество или нет .",Другое
436,ОгОго ) что то быстро ) ) обычно на сбербанк в течение ** дней доходит,Оплата
49,Хорошо ) ),Общеразговорные
631,"Добрый день , не очень понятно , продолжаем мы сотрудничество или нет .",Другое
899,Здравствуйте ! Меня заинтересовал этот товар . Что за ткань ? имеется ** размер ?,Характеристики продукта
81,Ну да ),Общеразговорные
721,Из дисков ?,Другое
254,Я хочу второй халат заменить на тунику,Доставка
963,"Да , те же ) ) ) спасибо , большое ) у вас костюмы просто отличные",Характеристики продукта
380,"*** , здравствуйте . У вас есть номер отслеживания моего заказа ? Что то не пришел еще .. думаю может на почте спросить по номеру ?",Доставка
727,"***** , может рамку эту ?",Другое
138,Спасибо ),Общеразговорные
679,"Добрый день , не очень понятно , продолжаем мы сотрудничество или нет .",Другое
164,Да не за что ),Общеразговорные
105,Спасибо,Общеразговорные
93,Нет вот этот **** .,Общеразговорные
143,Договорились ),Общеразговорные
779,"Добрый день , не очень понятно , продолжаем мы сотрудничество или нет .",Другое
219,Я хочу второй халат заменить на тунику,Доставка
588,Почтой оплата при получении .,Оплата
419,"У меня показывает , что не находит такой карты (",Оплата
909,Зубками,Характеристики продукта
457,ОгОго ) что то быстро ) ) обычно на сбербанк в течение ** дней доходит,Оплата
257,А сколько по времени доставка будет ?,Доставка
983,"Ух у меня ошибка , брюки ** размер",Характеристики продукта
316,Адрес отслеживания посылки по почте будет ?,Доставка
524,"Да , данные те же . Деньги на карту ***** *********** м . ?",Оплата
54,Обязательно пришлю,Общеразговорные
453,"У меня показывает , что не находит такой карты (",Оплата
216,Тюменская область ХМАО г ************* ул Мира ************ **,Доставка
210,А сколько по времени доставка будет ?,Доставка
120,"Она рассказывала , что с папой был разговор и что много советов дал",Общеразговорные
234,А сколько по времени доставка будет ?,Доставка
619,Из дисков ?,Другое
731,"***** , может рамку эту ?",Другое
941,Здравствуйте ! Заказ можно оформить ? Что-то Вы вчера ничего не ответили по этому поводу .,Характеристики продукта
411,"Я заказала через Инстаграм , изменить вид оплаты можно ? И индекс там не вводила",Оплата
596,"Добрый день , не очень понятно , продолжаем мы сотрудничество или нет .",Другое
388,"*** , посылку получила , все подошло , понравилось ... спасибо .",Доставка
885,В таком голубом ?,Характеристики продукта
132,Спасибо вам,Общеразговорные
498,"Я заказала через Инстаграм , изменить вид оплаты можно ? И индекс там не вводила",Оплата
581,А оплачивать как ?,Оплата
673,Из дисков ?,Другое
866,М ***,Характеристики продукта
186,Спасибо большое !,Общеразговорные
97,А на фото какие ?,Общеразговорные
865,"Вот её и халат с длинным рукавом , оба ** р-р",Характеристики продукта
473,"У меня показывает , что не находит такой карты (",Оплата
627,"Добрый день , не очень понятно , продолжаем мы сотрудничество или нет .",Другое
574,"Напишите , когда оплачивать",Оплата
62,Ок,Общеразговорные
238,Я хочу второй халат заменить на тунику,Доставка
777,"Добрый день , не очень понятно , продолжаем мы сотрудничество или нет .",Другое
691,"***** , может рамку эту ?",Другое
839,Хочу заказать этот костюм . как можно сделать заявку ? мой размер *****,Характеристики продукта
281,Не нашёлся мой трек код .. ?,Доставка
406,"Я заказала через Инстаграм , изменить вид оплаты можно ? И индекс там не вводила",Оплата
965,"Ок тогда жду свой комбезик , ** размер , ростовка ****",Характеристики продукта
654,"***** , может рамку эту ?",Другое
568,Оплата каким способом ? По предоплате или на почте при получении ?,Оплата
387,А как можно сделать заказ ?,Доставка
815,Из плотного материала тогда нету ?,Характеристики продукта
141,Кайфовая штука,Общеразговорные
296,"Если размер не подойдет , можно обменять ?",Доставка
635,"Добрый день , не очень понятно , продолжаем мы сотрудничество или нет .",Другое
739,"Добрый день , не очень понятно , продолжаем мы сотрудничество или нет .",Другое
285,при получении на почте,Доставка
905,Здравствуйте меня интересует халат на запах и *** . Есть ли ** размер и соответствуют ли размеры или он маломерка,Характеристики продукта
508,"У меня показывает , что не находит такой карты (",Оплата
942,Здравствуйте ! Меня заинтересовал этот товар . Как заказать этот халат ? Мне нужен ** размер .,Характеристики продукта
251,А сколько по времени доставка будет ?,Доставка
861,Как сделать заказ ? ),Характеристики продукта
114,*** жду ответа !,Общеразговорные
567,Ну че розыгрыш не делаете ?,Оплата
966,А это какой материал ?,Характеристики продукта
773,"Добрый день , не очень понятно , продолжаем мы сотрудничество или нет .",Другое
709,Из дисков ?,Другое
637,"***** , может рамку эту ?",Другое
761,"Добрый день , не очень понятно , продолжаем мы сотрудничество или нет .",Другое
167,Точно,Общеразговорные
617,Из дисков ?,Другое
366,"Спасибо , я получила деньги за возврат . Приятно работать с порядочными людьми , будьте здоровы в **** году !",Доставка
968,"Добрый день , вы посмотрели наличие ?",Характеристики продукта
687,"Добрый день , не очень понятно , продолжаем мы сотрудничество или нет .",Другое
552,При получении ...,Оплата
286,Отлично ! Отправляйте,Доставка
402,ОгОго ) что то быстро ) ) обычно на сбербанк в течение ** дней доходит,Оплата
200,Я хочу второй халат заменить на тунику,Доставка
307,Уханова ******* ********** Вологодская область город ********* улица ******** ** индекс ****** номер ********** * за **** р оплачу на почте,Доставка
288,"О том , что посылка на почте",Доставка
76,Да ..,Общеразговорные
239,Тюменская область ХМАО г ************* ул Мира ************ **,Доставка
404,"У меня показывает , что не находит такой карты (",Оплата
804,Да . сразу отдала . жду ** размер,Характеристики продукта
347,Доставка в КЗ возможен ?,Доставка
208,Тюменская область ХМАО г ************* ул Мира ************ **,Доставка
736,"***** , может рамку эту ?",Другое
48,Это Вам спасибо ),Общеразговорные
573,"Здравствуйте , скажите , пожалуйста , как можно оформить заказ ? Как проводится оплата ?",Оплата
974,"Рост *** см , обхват груди ** , обхват бедер **",Характеристики продукта
926,Можете прислать каталог,Характеристики продукта
824,"ОГ ** , ОБ ***",Характеристики продукта
137,"Да , данные те же",Общеразговорные
370,Спасибо за информацию . Для меня она полезная . Я живу Ямало-Ненецком автон . округе,Доставка
405,ОгОго ) что то быстро ) ) обычно на сбербанк в течение ** дней доходит,Оплата
918,Чёрный костюм,Характеристики продукта
884,Мне оба из плотной ткани .,Характеристики продукта
386,"Вам спасибо , сколько дней идти будет ?",Доставка
537,Вы точно правильно написали номер карты ?,Оплата
487,"Я заказала через Инстаграм , изменить вид оплаты можно ? И индекс там не вводила",Оплата
846,Только именно костюмами можно ?,Характеристики продукта
867,Спасибо . Можно вот эту ? https://vk.com/market-45062169?w=product-45062169_1691010,Характеристики продукта
602,"Добрый день , не очень понятно , продолжаем мы сотрудничество или нет .",Другое
854,"Розовый . Белый я тоже закажу , но другой , который * *** на кнопочках",Характеристики продукта
378,В течении скольких дней будет доставка в ********,Доставка
470,ОгОго ) что то быстро ) ) обычно на сбербанк в течение ** дней доходит,Оплата
610,Из дисков ?,Другое
910,"Можно тогда пока только с котом , а на заказ сшить вот эту",Характеристики продукта
799,"ну по этой сетке ** размер , а они вообще свободными идут или по фигуре ?",Характеристики продукта
902,Или на *** рост,Характеристики продукта
728,"***** , может рамку эту ?",Другое
337,"Здравствуйте , мой заказ отправили ?",Доставка
644,"***** , может рамку эту ?",Другое
227,А сколько по времени доставка будет ?,Доставка
950,Разм,Характеристики продукта
57,Добрый день можно заказ сделать ?,Общеразговорные
59,Можно мне его ),Общеразговорные
827,Такой есть в ** размере на рост *** ?,Характеристики продукта
840,"Брюки на резинке и туники *********** цвета , размер *****",Характеристики продукта
571,Дошли ?,Оплата
157,Хорошо,Общеразговорные
191,Юлечка спасибо ничего не делайте . Я УЖЕ ПРОДАЛА НА РАБОТЕ ЕГО .. СПАСИБО .,Общеразговорные
142,********** Любовь **********,Общеразговорные
853,Жёлтый,Характеристики продукта
9,********** Любовь,Общеразговорные
104,Хорошо .,Общеразговорные
979,Немножко по талии маловат но там же пояс я думаю будет нормально,Характеристики продукта
150,Это не у нас,Общеразговорные
71,Предлагаю завтра в ***** тайм выпустить рекламу ) сегодня лучшее время было занято,Общеразговорные
275,"Да , я вкурсе , меня просто нет в городе , а мужу не отдали ... ( ходил на почту ) ...",Доставка
495,ОгОго ) что то быстро ) ) обычно на сбербанк в течение ** дней доходит,Оплата
887,"Здравствуйте . Хочу заказать-Халат *** ткань сатори ( ** хб / ** полиэстер , плотность **** \ м3 ) цена **** руб , размер ** , **** темно-синий ; Комбинезон м ** Хлопок-стрейч **** руб , размер ** , **** темно-синий . Республика ************ , г . ******** , ул . ******* д7 . , кв ** . ********** * . ********************** ********** **** ********* . По почте **",Характеристики продукта
433,"Я заказала через Инстаграм , изменить вид оплаты можно ? И индекс там не вводила",Оплата
102,Хорошо ),Общеразговорные
697,"***** , может рамку эту ?",Другое
83,Ок ! Вечером сделаем рекламу,Общеразговорные
110,Мне нужен **,Общеразговорные
35,Хорошо . Я согласна,Общеразговорные
315,А до ******** в течение ******* дней дойдет ?,Доставка
430,"Я заказала через Инстаграм , изменить вид оплаты можно ? И индекс там не вводила",Оплата
738,Из дисков ?,Другое
458,ОгОго ) что то быстро ) ) обычно на сбербанк в течение ** дней доходит,Оплата
385,"Республика ************ , г . ******** . , ул . Энергетиков ** , кв . ** . ********** **** ********* . *** *** ** **",Доставка
435,"Я заказала через Инстаграм , изменить вид оплаты можно ? И индекс там не вводила",Оплата
502,"Я заказала через Инстаграм , изменить вид оплаты можно ? И индекс там не вводила",Оплата
925,* . Размер ** . * . г . *** . ул . Проспект Октября ** кв . ** индекс ****** . ********** ******* ********** . Тел . ********** *,Характеристики продукта
50,Хорошо ) ),Общеразговорные
52,Думаю нет ! У нас же не эта целевая аудитория,Общеразговорные
647,"***** , может рамку эту ?",Другое
383,Тел ********** *,Доставка
271,"Здравствуйте , хотела узнать , вы отправляли посылку ?",Доставка
269,Тюменская область ХМАО г ************* ул Мира ************ **,Доставка
675,"***** , может рамку эту ?",Другое
437,"Я заказала через Инстаграм , изменить вид оплаты можно ? И индекс там не вводила",Оплата
597,"Добрый день , не очень понятно , продолжаем мы сотрудничество или нет .",Другое
416,"Я заказала через Инстаграм , изменить вид оплаты можно ? И индекс там не вводила",Оплата
722,"***** , может рамку эту ?",Другое
685,Из дисков ?,Другое
195,"Нет , вот я вам и написала",Общеразговорные
651,"Добрый день , не очень понятно , продолжаем мы сотрудничество или нет .",Другое
474,"Я заказала через Инстаграм , изменить вид оплаты можно ? И индекс там не вводила",Оплата
266,Тюменская область ХМАО г ************* ул Мира ************ **,Доставка
842,Только то что женское прислала,Характеристики продукта
45,да,Общеразговорные
499,"Я заказала через Инстаграм , изменить вид оплаты можно ? И индекс там не вводила",Оплата
360,Можно трек ?,Доставка
805,Баклажан наверное . Там на фотоотзывах есть такой . Ну или ***** . Что нибудь такое . А на рост *** нет . Я заказывала комбинезон через сайт мне на *** отшивали .,Характеристики продукта
715,"Добрый день , не очень понятно , продолжаем мы сотрудничество или нет .",Другое
769,"***** , может рамку эту ?",Другое
670,Из дисков ?,Другое
162,Здравствуйте,Общеразговорные
358,Посылка с красным платьем пришла . Спасибо . Подошло идеально ) ) ),Доставка
166,Сейчас напишу,Общеразговорные
934,"и есть ли эта , еще в наличии ? р48",Характеристики продукта
566,******* ? Сбербанк ?,Оплата
828,Тогда можно розовый **,Характеристики продукта
100,и вам спасибо . С Наступающим !,Общеразговорные
916,Все померила нормально но можно чуть больше размер так как рост явно на *** а у меня ***,Характеристики продукта
655,"***** , может рамку эту ?",Другое
398,ОгОго ) что то быстро ) ) обычно на сбербанк в течение ** дней доходит,Оплата
12,Спасибо,Общеразговорные
341,"Здравствуйте , я вам отправила товар , почему вы не забрали ?",Доставка
870,"** р-р самый маленький , они идут размер в размер ? То есть если я ношу ** то можно заказывать ** и не боятся , что будет мал",Характеристики продукта
660,"***** , может рамку эту ?",Другое
241,Я хочу второй халат заменить на тунику,Доставка
569,Перевела,Оплата
481,"Я заказала через Инстаграм , изменить вид оплаты можно ? И индекс там не вводила",Оплата
512,"Я заказала через Инстаграм , изменить вид оплаты можно ? И индекс там не вводила",Оплата
891,"Давайте пока розовый , про который писала закажем . Эти оба понравились , я подумаю какой , с рукавом или без . Хорошо ?",Характеристики продукта
480,"У меня показывает , что не находит такой карты (",Оплата
888,"Да-да , пусть такой и остается ! У первого воротник то , что я хотела )",Характеристики продукта
621,"***** , может рамку эту ?",Другое
72,Или таком ***** ?,Общеразговорные
230,Я хочу второй халат заменить на тунику,Доставка
497,"Я заказала через Инстаграм , изменить вид оплаты можно ? И индекс там не вводила",Оплата
151,Спасибо,Общеразговорные
716,"***** , может рамку эту ?",Другое
13,********** Любовь,Общеразговорные
262,Я хочу второй халат заменить на тунику,Доставка
53,Спасибо . Надеюсь так и будет .,Общеразговорные
427,"У меня показывает , что не находит такой карты (",Оплата
946,А можно его вид сзади,Характеристики продукта
486,"У меня показывает , что не находит такой карты (",Оплата
168,Я бы на твоём месте ей поедъявила,Общеразговорные
128,"Да , подожду )",Общеразговорные
109,А хочется больше первый .,Общеразговорные
27,Хорошо,Общеразговорные
336,"*** , добрый день . По заказу вам отпишется моя дочь Она из СПб . Зовут ******* ***** . Спасибо вам большое .",Доставка
907,"**** , добрый вечер ! Подскажите пожалуйста , можно заказать брюки и халатик ?",Характеристики продукта
614,"***** , может рамку эту ?",Другое
898,"Сабо тогда ** р - р нужны , если есьь в наличии отправляйте вместе с платьем . Можно заказать транспортной компанией СДЕК г . ***** пункт выдачи Запорожцев ********** ************* , наложенным платеж .",Характеристики продукта
699,"Добрый день , не очень понятно , продолжаем мы сотрудничество или нет .",Другое
413,"Я заказала через Инстаграм , изменить вид оплаты можно ? И индекс там не вводила",Оплата
937,** размер ?,Характеристики продукта
420,"У меня показывает , что не находит такой карты (",Оплата
584,оплатить могу на карту . а примерный срок исполнения заказа какой ?,Оплата
107,"Видала ) ) ) поняла , что грубанула",Общеразговорные
856,Блузу желательно с такими же штанами,Характеристики продукта
540,"Хорошо , если сегодня не успею перевести , заплачу на почте , или можно завтра перевести ?",Оплата
795,Хорошо годится он соответствует ** размеру он больше чем по вашей табличке которая до ** да ? Я хочу его заказать и если он соответствует размеру то тогда *,Характеристики продукта
133,я согласна,Общеразговорные
496,ОгОго ) что то быстро ) ) обычно на сбербанк в течение ** дней доходит,Оплата
735,Из дисков ?,Другое
32,"Ты правда скажи ей , ***** , скажи что неприятно ловить взгляды такие было",Общеразговорные
492,ОгОго ) что то быстро ) ) обычно на сбербанк в течение ** дней доходит,Оплата
771,"***** , может рамку эту ?",Другое
808,"Здравствуйте , **** . Хочу заказать блузу голубую м272 ** размера и брюки белые ****** м530 ** размера . Все есть в наличии ?",Характеристики продукта
680,"Добрый день , не очень понятно , продолжаем мы сотрудничество или нет .",Другое
130,Здравствуйте,Общеразговорные
816,Тогда можно оформить ?,Характеристики продукта
31,Жалко ) ),Общеразговорные
235,А сколько по времени доставка будет ?,Доставка
64,Хорошо . Буду ждать ответа ),Общеразговорные
912,А какие цвета тонкой,Характеристики продукта
472,ОгОго ) что то быстро ) ) обычно на сбербанк в течение ** дней доходит,Оплата
612,"***** , может рамку эту ?",Другое
22,Ок спасибо,Общеразговорные
672,"***** , может рамку эту ?",Другое
859,"Спасибо А где можно посмотреть размерный ряд , как расчитать",Характеристики продукта
592,"Добрый день , не очень понятно , продолжаем мы сотрудничество или нет .",Другое
310,"* . Размер ** * . Республика **** ( ****** ) Жиганский район , село . ******* , улица ****** дом ** , кв . * Индекс : ****** * . ********* **** *********** * . ********** *",Доставка
484,"Я заказала через Инстаграм , изменить вид оплаты можно ? И индекс там не вводила",Оплата
732,Из дисков ?,Другое
534,Добрый вечер ! Увидела перерозыгрыш сегодня . Так я выграла * место ? Или я что-то не так поняла ?,Оплата
981,"Здравствуйте ! Меня заинтересовал этот товар . Имеется черного цвета , размер **",Характеристики продукта
335,У вас адресс остался ?,Доставка
763,Из дисков ?,Другое
547,Если оплачу ** ?,Оплата
175,Нет не нужно,Общеразговорные
189,Спасибо большое,Общеразговорные
409,ОгОго ) что то быстро ) ) обычно на сбербанк в течение ** дней доходит,Оплата
851,"Платье ** размер , а сабо ** р - р сколько см по стельке ?",Характеристики продукта
446,"Я заказала через Инстаграм , изменить вид оплаты можно ? И индекс там не вводила",Оплата
295,Добрый день вы отослали посылку ?,Доставка
265,Тюменская область ХМАО г ************* ул Мира ************ **,Доставка
228,Тюменская область ХМАО г ************* ул Мира ************ **,Доставка
896,Здравствуйте . Есть такой в наличии ?,Характеристики продукта
55,Спасибо,Общеразговорные
758,"***** , может рамку эту ?",Другое
549,На карту переведу,Оплата
702,Из дисков ?,Другое
80,Вы не ответите ?,Общеразговорные
415,"Я заказала через Инстаграм , изменить вид оплаты можно ? И индекс там не вводила",Оплата
462,"Я заказала через Инстаграм , изменить вид оплаты можно ? И индекс там не вводила",Оплата
63,да,Общеразговорные
343,Да . отправляйте . *********** ******* **********,Доставка
338,Хорошо . спасибо за ответы . Жду Ваш товар,Доставка
372,Отправили ?,Доставка
653,Из дисков ?,Другое
122,Ок . Спасибо,Общеразговорные
134,И в каком ещё ***** есть ?,Общеразговорные
948,По груди у меня ***,Характеристики продукта
79,Чуть позже пришлю ) ),Общеразговорные
300,"Очень уж долго шла посылка , я рассчитывала , что получу до отьезда ... и костюм очень нужен ...",Доставка
127,"спасибо , буду ждать ) э",Общеразговорные
706,"***** , может рамку эту ?",Другое
180,привет ) открыли сучайно,Общеразговорные
878,Розовый,Характеристики продукта
14,********** Любовь,Общеразговорные
98,Это про какое речь ?,Общеразговорные
606,"***** , может рамку эту ?",Другое
577,Сумма ? Сколько вышло ?,Оплата
793,"*** , здравствуйте . Мне тоже белые кеды можно получить ? Размер **** есть ?",Характеристики продукта
936,Подскажите только по размеру XL - это ** размер ?,Характеристики продукта
585,"Здравствуйте , можно сейчас оплатить ?",Оплата
121,Жду ) Вам спасибо ),Общеразговорные
788,А какая цена на мужской костюм из новой принтованной ткани ? ),Характеристики продукта
880,"Желательно прямо костюмами , только белые брюки можно одни ) ) )",Характеристики продукта
153,Спасибо ! ),Общеразговорные
221,Я хочу второй халат заменить на тунику,Доставка
876,ЭТО ТКАНЬ МНЕ НЕ ПОДХОДИТ,Характеристики продукта
232,А сколько по времени доставка будет ?,Доставка
532,как перечислю отпишусь,Оплата
190,Я не утону в нем ?,Общеразговорные
958,Тогда опять голубой,Характеристики продукта
515,"У меня показывает , что не находит такой карты (",Оплата
297,"Скажите пожалуйста , делала вам заказ и хотела бы узнать на каком он этапе ? ? ? Спасибо .",Доставка
538,Сейчас оплачу по карте,Оплата
689,Из дисков ?,Другое
849,"*** , добрый вечер . Хотелось бы заказать у вас платье , но не нашла номер модели . ТАЛИЯ НА РЕЗИНКЕ спереди два кармана . ПОДСКАЖИТЕ КАК ЛУЧШЕ СДЕЛАТЬ ЗАКАЗ .. Спасибо",Характеристики продукта
384,"В сб ) да жду , но еще позвоню , а то может они со мной одной возиться не будут",Доставка
864,"Здравствуйте , как оформить заказ ? мне нужен ** размер из плотной ткани !",Характеристики продукта
730,"Добрый день , не очень понятно , продолжаем мы сотрудничество или нет .",Другое
428,"У меня показывает , что не находит такой карты (",Оплата
206,А сколько по времени доставка будет ?,Доставка
41,Очень хорошо,Общеразговорные
686,Из дисков ?,Другое
67,Спасибо,Общеразговорные
465,ОгОго ) что то быстро ) ) обычно на сбербанк в течение ** дней доходит,Оплата
678,"***** , может рамку эту ?",Другое
